INSERT INTO CATEGORIA (ID, NOMBRE) VALUES (1,'Portátiles');
INSERT INTO CATEGORIA (ID, NOMBRE) VALUES (2,'PC');
INSERT INTO CATEGORIA (ID, NOMBRE) VALUES (3,'SFF');
INSERT INTO CATEGORIA (ID, NOMBRE) VALUES (4,'USFF');
INSERT INTO CATEGORIA (ID, NOMBRE) VALUES (5,'One');

INSERT INTO EDIFICIO (ID, NOMBRE, UBICACION) VALUES (007,'SFJ','AVENIDA AMERICA');
INSERT INTO EDIFICIO (ID, NOMBRE, UBICACION) VALUES (006,'PRA','PRADILLO 40');
INSERT INTO EDIFICIO (ID, NOMBRE, UBICACION) VALUES (005,'AR7','AMADOR DE LOS RIOS');
INSERT INTO EDIFICIO (ID, NOMBRE, UBICACION) VALUES (004,'AR8','AMADOR DE LOS RIOS');
INSERT INTO EDIFICIO (ID, NOMBRE, UBICACION) VALUES (003,'PL','PLOMO 2');
INSERT INTO EDIFICIO (ID, NOMBRE, UBICACION) VALUES (002,'CTL','CASTELLANA 5');

INSERT INTO PRODUCTO (ID, MARCA, MODELO,STOCK, CANTIDAD,CATEGORIA_ID,EDIFICIO_ID) VALUES ('100','HP','430',0,0,1,007);
INSERT INTO PRODUCTO (ID, MARCA, MODELO,STOCK, CANTIDAD,CATEGORIA_ID,EDIFICIO_ID) VALUES ('101','DELL','5430',5,0,1,006);
INSERT INTO PRODUCTO (ID, MARCA, MODELO,STOCK, CANTIDAD,CATEGORIA_ID,EDIFICIO_ID) VALUES ('102','HP','elitedesk	200',1,0,1,007);
INSERT INTO PRODUCTO (ID, MARCA, MODELO,STOCK, CANTIDAD,CATEGORIA_ID,EDIFICIO_ID) VALUES ('103','HP','probook 2',0,0,1,007);
INSERT INTO PRODUCTO (ID, MARCA, MODELO,STOCK, CANTIDAD,CATEGORIA_ID,EDIFICIO_ID) VALUES ('104','DELL','630',5,0,1,006);
INSERT INTO PRODUCTO (ID, MARCA, MODELO,STOCK, CANTIDAD,CATEGORIA_ID,EDIFICIO_ID) VALUES ('105','HP','elitedesk 400',1,0,1,007);

INSERT INTO PERSONA (LOGIN, NOMBRE, APELLIDOS, TELEFONO, DESPACHO, PUESTO,TIPO,EDIFICIO_ID,PRODUCTO_ID ) VALUES ('malonso','Miguel','Alonso','602569654','504','Jefe','PERSONA',007,100);
INSERT INTO PERSONA (LOGIN, NOMBRE, APELLIDOS, TELEFONO, DESPACHO, PUESTO,TIPO,EDIFICIO_ID,PRODUCTO_ID ) VALUES ('cmartinez','Carmen','Martinez','602569654','504','Jefe','PERSONA',006,100);
INSERT INTO PERSONA (LOGIN, NOMBRE, APELLIDOS, TELEFONO, DESPACHO, PUESTO,TIPO,EDIFICIO_ID,PRODUCTO_ID ) VALUES ('tmar','Tersa','Mar','602569654','504','Jefe','PERSONA',005,101);
INSERT INTO PERSONA (LOGIN, NOMBRE, APELLIDOS, TELEFONO, DESPACHO, PUESTO,TIPO,EDIFICIO_ID,PRODUCTO_ID ) VALUES ('pmuni','Pablo','Muni','602569654','504','Jefe','PERSONA',007,100);
INSERT INTO PERSONA (LOGIN, NOMBRE, APELLIDOS, TELEFONO, DESPACHO, PUESTO,TIPO,EDIFICIO_ID,PRODUCTO_ID ) VALUES ('jperez','Juan','Perez','602569654','504','Jefe','PERSONA',006,100);
INSERT INTO PERSONA (LOGIN, NOMBRE, APELLIDOS, TELEFONO, DESPACHO, PUESTO,TIPO,EDIFICIO_ID,PRODUCTO_ID ) VALUES ('asevilla','Azucena','Sevilla','602569654','504','Jefe','PERSONA',005,101);
INSERT INTO PERSONA (LOGIN, NOMBRE, APELLIDOS, TELEFONO, DESPACHO, PUESTO,TIPO,EDIFICIO_ID,PRODUCTO_ID ) VALUES ('ctoledo','Clara','Toledo','602569654','504','Jefe','PERSONA',007,100);
INSERT INTO PERSONA (LOGIN, NOMBRE, APELLIDOS, TELEFONO, DESPACHO, PUESTO,TIPO,EDIFICIO_ID,PRODUCTO_ID ) VALUES ('msanchez','Maria','Sanchez','602569654','504','Jefe','PERSONA',006,100);
INSERT INTO PERSONA (LOGIN, NOMBRE, APELLIDOS, TELEFONO, DESPACHO, PUESTO,TIPO,EDIFICIO_ID,PRODUCTO_ID ) VALUES ('lroldan','Laura','Roldan','602569654','504','Jefe','PERSONA',005,101);

INSERT INTO PERSONA (LOGIN, NOMBRE, APELLIDOS, TELEFONO, NIVEL,TIPO,EDIFICIO_ID,INCIDENCIAS,PRODUCTO_ID ) VALUES ('cdelcampo','Carlos','Del Campo','602569654','EXPERTO','TECNICO',006,10,100);
INSERT INTO PERSONA (LOGIN, NOMBRE, APELLIDOS, TELEFONO, NIVEL,TIPO,EDIFICIO_ID,INCIDENCIAS,PRODUCTO_ID ) VALUES ('mjanto','Maria','Janto','602569654','BASICO','TECNICO',006,1,100);
INSERT INTO PERSONA (LOGIN, NOMBRE, APELLIDOS, TELEFONO, NIVEL,TIPO,EDIFICIO_ID,INCIDENCIAS,PRODUCTO_ID ) VALUES ('imartinez','Isabel','Martinez','602569654','EXPERTO','TECNICO',006,2,101);
INSERT INTO PERSONA (LOGIN, NOMBRE, APELLIDOS, TELEFONO, NIVEL,TIPO,EDIFICIO_ID,INCIDENCIAS,PRODUCTO_ID ) VALUES ('bmiguel','Beatriz','Miguel','602569654','EXPERTO','TECNICO',006,2,100);
INSERT INTO PERSONA (LOGIN, NOMBRE, APELLIDOS, TELEFONO, NIVEL,TIPO,EDIFICIO_ID,INCIDENCIAS,PRODUCTO_ID ) VALUES ('palonso','Pablo','Alonso','602569654','BASICO','TECNICO',007,5,100);
INSERT INTO PERSONA (LOGIN, NOMBRE, APELLIDOS, TELEFONO, NIVEL,TIPO,EDIFICIO_ID,INCIDENCIAS,PRODUCTO_ID ) VALUES ('gperez','Gabriel','Perez','602569654','EXPERTO','TECNICO',007,0,100);

INSERT INTO INCIDENCIA (ID, DESCRIPCION, FECHA_INICIO, FECHA_FIN,PRIORIDAD,ESTADO,TIPO,LOGIN,LOGIN_TECNICO) VALUES ('9996','NO CONECTA A LA RED','2015-02-25','2018-08-02','ALTA','ABIERTA','RED','malonso','cdelcampo');
INSERT INTO INCIDENCIA (ID, DESCRIPCION, FECHA_INICIO, FECHA_FIN,PRIORIDAD,ESTADO,TIPO,LOGIN,LOGIN_TECNICO) VALUES ('9997','NO ENCIENDE','2015-02-25','2018-08-02','MEDIA','ABIERTA','HARDWARE','pmuni','cdelcampo');
INSERT INTO INCIDENCIA (ID, DESCRIPCION, FECHA_INICIO, FECHA_FIN,PRIORIDAD,ESTADO,TIPO,LOGIN,LOGIN_TECNICO) VALUES ('5525','NO ENTRO EN LA APLICACION','2015-02-25','2018-08-02','MEDIA','ABIERTA','SOFTWARE','malonso','bmiguel');
